title,price,price_amount,currency,description,image_url,source_url,tags,final_price_amount,selling_description
Charcoal Clay 2in1 Pack Foam,$18.53,18.53,USD,Charcoal Clay 2in1 Pack Foam. Imported from LEBELAGE. Hypoallergenic skincare product. Please review ingredients and usage details before publishing.,https://ecimg.cafe24img.com/pg1039b07271774075/ddcos3292/web/product/big/20260202/2c0b9a674492d5b98cdd663e4c7e93dc.png,https://en.lebelage.co.kr/product/charcoal-clay-2in1-pack-foam/421/category/1/display/2/?icid=MAIN.product_listmain_1,"hypoallergenic, LEBELAGE, k-beauty, imported",18.53,"Charcoal Clay 2in1 Pack Foam est un soin LEBELAGE selectionne pour les clients qui recherchent une solution skincare pratique et qualitative. Charcoal Clay 2in1 Pack Foam. Imported from LEBELAGE. Hypoallergenic skincare product. Please review ingredients and usage details before publishing.

Points forts:
- formule pensee pour une routine beaute simple et efficace
- presentation claire pour rassurer le client avant l'achat
- produit ideal pour enrichir une boutique skincare ou K-beauty

Conseil boutique: verifier les ingredients, les consignes d'utilisation et les obligations cosmetiques locales avant publication."
Cica Madecassoside Set of 4,$237.12,237.12,USD,Cica Madecassoside Set of 4. Imported from LEBELAGE. Hypoallergenic skincare product. Please review ingredients and usage details before publishing.,https://ecimg.cafe24img.com/pg1039b07271774075/ddcos3292/web/product/big/20251203/4a71756802f50e3aa8154d7d928a4300.png,https://en.lebelage.co.kr/product/cica-madecassoside-set-of-4/238/category/1/display/3/?icid=MAIN.product_listmain_2,"hypoallergenic, LEBELAGE, k-beauty, imported",237.12,"Cica Madecassoside Set of 4 est un soin LEBELAGE selectionne pour les clients qui recherchent une solution skincare pratique et qualitative. Cica Madecassoside Set of 4. Imported from LEBELAGE. Hypoallergenic skincare product. Please review ingredients and usage details before publishing.

Points forts:
- formule pensee pour une routine beaute simple et efficace
- presentation claire pour rassurer le client avant l'achat
- produit ideal pour enrichir une boutique skincare ou K-beauty

Conseil boutique: verifier les ingredients, les consignes d'utilisation et les obligations cosmetiques locales avant publication."
Cica Propolis Myrrh Ampoule Set,$177.84,177.84,USD,Cica Propolis Myrrh Ampoule Set. Imported from LEBELAGE. Hypoallergenic skincare product. Please review ingredients and usage details before publishing.,https://ecimg.cafe24img.com/pg1039b07271774075/ddcos3292/web/product/big/20240830/06d7ad741cb5308e8f7d2d6d69ba0946.png,https://en.lebelage.co.kr/product/cica-propolis-myrrh-ampoule-set/176/category/1/display/3/?icid=MAIN.product_listmain_2,"hypoallergenic, LEBELAGE, k-beauty, imported",177.84,"Cica Propolis Myrrh Ampoule Set est un soin LEBELAGE selectionne pour les clients qui recherchent une solution skincare pratique et qualitative. Cica Propolis Myrrh Ampoule Set. Imported from LEBELAGE. Hypoallergenic skincare product. Please review ingredients and usage details before publishing.

Points forts:
- formule pensee pour une routine beaute simple et efficace
- presentation claire pour rassurer le client avant l'achat
- produit ideal pour enrichir une boutique skincare ou K-beauty

Conseil boutique: verifier les ingredients, les consignes d'utilisation et les obligations cosmetiques locales avant publication."
Dr. Ceramide Derma Ampoule,$28.16,28.16,USD,Dr. Ceramide Derma Ampoule. Imported from LEBELAGE. Hypoallergenic skincare product. Please review ingredients and usage details before publishing.,https://ecimg.cafe24img.com/pg1039b07271774075/ddcos3292/web/product/big/20251212/1c90ff01a9a706bcb84788925a622a12.png,https://en.lebelage.co.kr/product/dr-ceramide-derma-ampoule/170/category/1/display/3/?icid=MAIN.product_listmain_2,"hypoallergenic, LEBELAGE, k-beauty, imported",28.16,"Dr. Ceramide Derma Ampoule est un soin LEBELAGE selectionne pour les clients qui recherchent une solution skincare pratique et qualitative. Dr. Ceramide Derma Ampoule. Imported from LEBELAGE. Hypoallergenic skincare product. Please review ingredients and usage details before publishing.

Points forts:
- formule pensee pour une routine beaute simple et efficace
- presentation claire pour rassurer le client avant l'achat
- produit ideal pour enrichir une boutique skincare ou K-beauty

Conseil boutique: verifier les ingredients, les consignes d'utilisation et les obligations cosmetiques locales avant publication."
Dr. Cica Derma Ampoule,$28.16,28.16,USD,Dr. Cica Derma Ampoule. Imported from LEBELAGE. Hypoallergenic skincare product. Please review ingredients and usage details before publishing.,https://ecimg.cafe24img.com/pg1039b07271774075/ddcos3292/web/product/big/20251212/c51097d60a46db6bc84f45949923551f.png,https://en.lebelage.co.kr/product/dr-cica-derma-ampoule/169/category/1/display/3/?icid=MAIN.product_listmain_2,"hypoallergenic, LEBELAGE, k-beauty, imported",28.16,"Dr. Cica Derma Ampoule est un soin LEBELAGE selectionne pour les clients qui recherchent une solution skincare pratique et qualitative. Dr. Cica Derma Ampoule. Imported from LEBELAGE. Hypoallergenic skincare product. Please review ingredients and usage details before publishing.

Points forts:
- formule pensee pour une routine beaute simple et efficace
- presentation claire pour rassurer le client avant l'achat
- produit ideal pour enrichir une boutique skincare ou K-beauty

Conseil boutique: verifier les ingredients, les consignes d'utilisation et les obligations cosmetiques locales avant publication."
Dr. Collagen Derma Ampoule,$28.16,28.16,USD,Dr. Collagen Derma Ampoule. Imported from LEBELAGE. Hypoallergenic skincare product. Please review ingredients and usage details before publishing.,https://ecimg.cafe24img.com/pg1039b07271774075/ddcos3292/web/product/big/20251212/7b815b198f4979b785ffed15d0a00a50.png,https://en.lebelage.co.kr/product/dr-collagen-derma-ampoule/26/category/1/display/3/?icid=MAIN.product_listmain_2,"hypoallergenic, LEBELAGE, k-beauty, imported",28.16,"Dr. Collagen Derma Ampoule est un soin LEBELAGE selectionne pour les clients qui recherchent une solution skincare pratique et qualitative. Dr. Collagen Derma Ampoule. Imported from LEBELAGE. Hypoallergenic skincare product. Please review ingredients and usage details before publishing.

Points forts:
- formule pensee pour une routine beaute simple et efficace
- presentation claire pour rassurer le client avant l'achat
- produit ideal pour enrichir une boutique skincare ou K-beauty

Conseil boutique: verifier les ingredients, les consignes d'utilisation et les obligations cosmetiques locales avant publication."
Dr. Vitamin C Derma Ampoule,$28.16,28.16,USD,Dr. Vitamin C Derma Ampoule. Imported from LEBELAGE. Hypoallergenic skincare product. Please review ingredients and usage details before publishing.,https://ecimg.cafe24img.com/pg1039b07271774075/ddcos3292/web/product/big/20251209/a165f7836fa8d3567a99350960bb9439.png,https://en.lebelage.co.kr/product/dr-vitamin-c-derma-ampoule/368/category/1/display/3/?icid=MAIN.product_listmain_2,"hypoallergenic, LEBELAGE, k-beauty, imported",28.16,"Dr. Vitamin C Derma Ampoule est un soin LEBELAGE selectionne pour les clients qui recherchent une solution skincare pratique et qualitative. Dr. Vitamin C Derma Ampoule. Imported from LEBELAGE. Hypoallergenic skincare product. Please review ingredients and usage details before publishing.

Points forts:
- formule pensee pour une routine beaute simple et efficace
- presentation claire pour rassurer le client avant l'achat
- produit ideal pour enrichir une boutique skincare ou K-beauty

Conseil boutique: verifier les ingredients, les consignes d'utilisation et les obligations cosmetiques locales avant publication."
Glutinous Rice Clay 2in1 Pack Foam,$18.53,18.53,USD,Glutinous Rice Clay 2in1 Pack Foam. Imported from LEBELAGE. Hypoallergenic skincare product. Please review ingredients and usage details before publishing.,https://ecimg.cafe24img.com/pg1039b07271774075/ddcos3292/web/product/big/20260202/0e7e8939338dc38d38c35d6bffca538a.png,https://en.lebelage.co.kr/product/glutinous-rice-clay-2in1-pack-foam/419/category/1/display/2/?icid=MAIN.product_listmain_1,"hypoallergenic, LEBELAGE, k-beauty, imported",18.53,"Glutinous Rice Clay 2in1 Pack Foam est un soin LEBELAGE selectionne pour les clients qui recherchent une solution skincare pratique et qualitative. Glutinous Rice Clay 2in1 Pack Foam. Imported from LEBELAGE. Hypoallergenic skincare product. Please review ingredients and usage details before publishing.

Points forts:
- formule pensee pour une routine beaute simple et efficace
- presentation claire pour rassurer le client avant l'achat
- produit ideal pour enrichir une boutique skincare ou K-beauty

Conseil boutique: verifier les ingredients, les consignes d'utilisation et les obligations cosmetiques locales avant publication."
Mega Cooling Sun Cushion,$25.94,25.94,USD,Mega Cooling Sun Cushion. Imported from LEBELAGE. Hypoallergenic skincare product. Please review ingredients and usage details before publishing.,https://ecimg.cafe24img.com/pg1039b07271774075/ddcos3292/web/product/big/20251209/67d48ae8bbbff1b71e7182c0d360ee7a.png,https://en.lebelage.co.kr/product/mega-cooling-sun-cushion/400/category/1/display/2/,"hypoallergenic, LEBELAGE, k-beauty, imported",25.94,"Mega Cooling Sun Cushion est un soin LEBELAGE selectionne pour les clients qui recherchent une solution skincare pratique et qualitative. Mega Cooling Sun Cushion. Imported from LEBELAGE. Hypoallergenic skincare product. Please review ingredients and usage details before publishing.

Points forts:
- formule pensee pour une routine beaute simple et efficace
- presentation claire pour rassurer le client avant l'achat
- produit ideal pour enrichir une boutique skincare ou K-beauty

Conseil boutique: verifier les ingredients, les consignes d'utilisation et les obligations cosmetiques locales avant publication."
Real Sensation Blemish Ampoule,$65.95,65.95,USD,Real Sensation Blemish Ampoule. Imported from LEBELAGE. Hypoallergenic skincare product. Please review ingredients and usage details before publishing.,https://ecimg.cafe24img.com/pg1039b07271774075/ddcos3292/web/product/big/20251205/1b08e6c30e4bf88779d03b802cf99080.png,https://en.lebelage.co.kr/product/real-sensation-blemish-ampoule/66/category/1/display/3/?icid=MAIN.product_listmain_2,"hypoallergenic, LEBELAGE, k-beauty, imported",65.95,"Real Sensation Blemish Ampoule est un soin LEBELAGE selectionne pour les clients qui recherchent une solution skincare pratique et qualitative. Real Sensation Blemish Ampoule. Imported from LEBELAGE. Hypoallergenic skincare product. Please review ingredients and usage details before publishing.

Points forts:
- formule pensee pour une routine beaute simple et efficace
- presentation claire pour rassurer le client avant l'achat
- produit ideal pour enrichir une boutique skincare ou K-beauty

Conseil boutique: verifier les ingredients, les consignes d'utilisation et les obligations cosmetiques locales avant publication."
Real Sensation Blemish Cream,$73.36,73.36,USD,Real Sensation Blemish Cream. Imported from LEBELAGE. Hypoallergenic skincare product. Please review ingredients and usage details before publishing.,https://ecimg.cafe24img.com/pg1039b07271774075/ddcos3292/web/product/big/20251205/d86a3d65d45d7642fa2540f60082376e.png,https://en.lebelage.co.kr/product/real-sensation-blemish-cream/65/category/1/display/3/?icid=MAIN.product_listmain_2,"hypoallergenic, LEBELAGE, k-beauty, imported",73.36,"Real Sensation Blemish Cream est un soin LEBELAGE selectionne pour les clients qui recherchent une solution skincare pratique et qualitative. Real Sensation Blemish Cream. Imported from LEBELAGE. Hypoallergenic skincare product. Please review ingredients and usage details before publishing.

Points forts:
- formule pensee pour une routine beaute simple et efficace
- presentation claire pour rassurer le client avant l'achat
- produit ideal pour enrichir une boutique skincare ou K-beauty

Conseil boutique: verifier les ingredients, les consignes d'utilisation et les obligations cosmetiques locales avant publication."
Real Sensation Pore Ampoule,$65.95,65.95,USD,Real Sensation Pore Ampoule. Imported from LEBELAGE. Hypoallergenic skincare product. Please review ingredients and usage details before publishing.,https://ecimg.cafe24img.com/pg1039b07271774075/ddcos3292/web/product/big/20251205/b0c21a2af9dfa62dd818fe723015ce03.png,https://en.lebelage.co.kr/product/real-sensation-pore-ampoule/64/category/1/display/3/?icid=MAIN.product_listmain_2,"hypoallergenic, LEBELAGE, k-beauty, imported",65.95,"Real Sensation Pore Ampoule est un soin LEBELAGE selectionne pour les clients qui recherchent une solution skincare pratique et qualitative. Real Sensation Pore Ampoule. Imported from LEBELAGE. Hypoallergenic skincare product. Please review ingredients and usage details before publishing.

Points forts:
- formule pensee pour une routine beaute simple et efficace
- presentation claire pour rassurer le client avant l'achat
- produit ideal pour enrichir une boutique skincare ou K-beauty

Conseil boutique: verifier les ingredients, les consignes d'utilisation et les obligations cosmetiques locales avant publication."
Real Sensation Pore Cream,$73.36,73.36,USD,Real Sensation Pore Cream. Imported from LEBELAGE. Hypoallergenic skincare product. Please review ingredients and usage details before publishing.,https://ecimg.cafe24img.com/pg1039b07271774075/ddcos3292/web/product/big/20251205/cf5bab6f4ebed98d0382065a53a3bd78.png,https://en.lebelage.co.kr/product/real-sensation-pore-cream/63/category/1/display/3/?icid=MAIN.product_listmain_2,"hypoallergenic, LEBELAGE, k-beauty, imported",73.36,"Real Sensation Pore Cream est un soin LEBELAGE selectionne pour les clients qui recherchent une solution skincare pratique et qualitative. Real Sensation Pore Cream. Imported from LEBELAGE. Hypoallergenic skincare product. Please review ingredients and usage details before publishing.

Points forts:
- formule pensee pour une routine beaute simple et efficace
- presentation claire pour rassurer le client avant l'achat
- produit ideal pour enrichir une boutique skincare ou K-beauty

Conseil boutique: verifier les ingredients, les consignes d'utilisation et les obligations cosmetiques locales avant publication."
Soybean Clay 2in1 Pack Foam,$18.53,18.53,USD,Soybean Clay 2in1 Pack Foam. Imported from LEBELAGE. Hypoallergenic skincare product. Please review ingredients and usage details before publishing.,https://ecimg.cafe24img.com/pg1039b07271774075/ddcos3292/web/product/big/20260202/2545de91d77283bea9e2256c6674b422.png,https://en.lebelage.co.kr/product/soybean-clay-2in1-pack-foam/422/category/1/display/2/?icid=MAIN.product_listmain_1,"hypoallergenic, LEBELAGE, k-beauty, imported",18.53,"Soybean Clay 2in1 Pack Foam est un soin LEBELAGE selectionne pour les clients qui recherchent une solution skincare pratique et qualitative. Soybean Clay 2in1 Pack Foam. Imported from LEBELAGE. Hypoallergenic skincare product. Please review ingredients and usage details before publishing.

Points forts:
- formule pensee pour une routine beaute simple et efficace
- presentation claire pour rassurer le client avant l'achat
- produit ideal pour enrichir une boutique skincare ou K-beauty

Conseil boutique: verifier les ingredients, les consignes d'utilisation et les obligations cosmetiques locales avant publication."
SSOOK Clay 2in1 Pack Foam,$18.53,18.53,USD,SSOOK Clay 2in1 Pack Foam. Imported from LEBELAGE. Hypoallergenic skincare product. Please review ingredients and usage details before publishing.,https://ecimg.cafe24img.com/pg1039b07271774075/ddcos3292/web/product/big/20260202/70180f5bbff8c73b682d2c9e85de1efa.png,https://en.lebelage.co.kr/product/ssook-clay-2in1-pack-foam/420/category/1/display/2/?icid=MAIN.product_listmain_1,"hypoallergenic, LEBELAGE, k-beauty, imported",18.53,"SSOOK Clay 2in1 Pack Foam est un soin LEBELAGE selectionne pour les clients qui recherchent une solution skincare pratique et qualitative. SSOOK Clay 2in1 Pack Foam. Imported from LEBELAGE. Hypoallergenic skincare product. Please review ingredients and usage details before publishing.

Points forts:
- formule pensee pour une routine beaute simple et efficace
- presentation claire pour rassurer le client avant l'achat
- produit ideal pour enrichir une boutique skincare ou K-beauty

Conseil boutique: verifier les ingredients, les consignes d'utilisation et les obligations cosmetiques locales avant publication."
Truly Centella 10Second Bubble Mask Liquid,$18.53,18.53,USD,Truly Centella 10Second Bubble Mask Liquid. Imported from LEBELAGE. Hypoallergenic skincare product. Please review ingredients and usage details before publishing.,https://ecimg.cafe24img.com/pg1039b07271774075/ddcos3292/web/product/big/20251209/8bc9437bc25d42f6376d05f1fda61f4c.png,https://en.lebelage.co.kr/product/truly-centella-10second-bubble-mask-liquid/407/category/1/display/3/?icid=MAIN.product_listmain_2,"hypoallergenic, LEBELAGE, k-beauty, imported",18.53,"Truly Centella 10Second Bubble Mask Liquid est un soin LEBELAGE selectionne pour les clients qui recherchent une solution skincare pratique et qualitative. Truly Centella 10Second Bubble Mask Liquid. Imported from LEBELAGE. Hypoallergenic skincare product. Please review ingredients and usage details before publishing.

Points forts:
- formule pensee pour une routine beaute simple et efficace
- presentation claire pour rassurer le client avant l'achat
- produit ideal pour enrichir une boutique skincare ou K-beauty

Conseil boutique: verifier les ingredients, les consignes d'utilisation et les obligations cosmetiques locales avant publication."
Truly Centella High Concentration Serum,$8.89,8.89,USD,Truly Centella High Concentration Serum. Imported from LEBELAGE. Hypoallergenic skincare product. Please review ingredients and usage details before publishing.,https://ecimg.cafe24img.com/pg1039b07271774075/ddcos3292/web/product/big/20260202/73da3b8dff387b59c6305bc806b158c4.png,https://en.lebelage.co.kr/product/truly-centella-high-concentration-serum/425/category/1/display/2/?icid=MAIN.product_listmain_1,"hypoallergenic, LEBELAGE, k-beauty, imported",8.89,"Truly Centella High Concentration Serum est un soin LEBELAGE selectionne pour les clients qui recherchent une solution skincare pratique et qualitative. Truly Centella High Concentration Serum. Imported from LEBELAGE. Hypoallergenic skincare product. Please review ingredients and usage details before publishing.

Points forts:
- formule pensee pour une routine beaute simple et efficace
- presentation claire pour rassurer le client avant l'achat
- produit ideal pour enrichir une boutique skincare ou K-beauty

Conseil boutique: verifier les ingredients, les consignes d'utilisation et les obligations cosmetiques locales avant publication."
Truly Centella Serum,$35.57,35.57,USD,Truly Centella Serum. Imported from LEBELAGE. Hypoallergenic skincare product. Please review ingredients and usage details before publishing.,https://ecimg.cafe24img.com/pg1039b07271774075/ddcos3292/web/product/big/20240624/3fb2a1cf94086db2b6490f0f9b0d96e1.png,https://en.lebelage.co.kr/product/truly-centella-serum/46/category/1/display/3/?icid=MAIN.product_listmain_2,"hypoallergenic, LEBELAGE, k-beauty, imported",35.57,"Truly Centella Serum est un soin LEBELAGE selectionne pour les clients qui recherchent une solution skincare pratique et qualitative. Truly Centella Serum. Imported from LEBELAGE. Hypoallergenic skincare product. Please review ingredients and usage details before publishing.

Points forts:
- formule pensee pour une routine beaute simple et efficace
- presentation claire pour rassurer le client avant l'achat
- produit ideal pour enrichir une boutique skincare ou K-beauty

Conseil boutique: verifier les ingredients, les consignes d'utilisation et les obligations cosmetiques locales avant publication."
Truly Centella Toner Pad,$18.53,18.53,USD,Truly Centella Toner Pad. Imported from LEBELAGE. Hypoallergenic skincare product. Please review ingredients and usage details before publishing.,https://ecimg.cafe24img.com/pg1039b07271774075/ddcos3292/web/product/big/20260428/a713ce1d97ff3e1e6cc11d4f9de2a029.png,https://en.lebelage.co.kr/product/truly-centella-toner-pad/403/category/1/display/3/?icid=MAIN.product_listmain_2,"hypoallergenic, LEBELAGE, k-beauty, imported",18.53,"Truly Centella Toner Pad est un soin LEBELAGE selectionne pour les clients qui recherchent une solution skincare pratique et qualitative. Truly Centella Toner Pad. Imported from LEBELAGE. Hypoallergenic skincare product. Please review ingredients and usage details before publishing.

Points forts:
- formule pensee pour une routine beaute simple et efficace
- presentation claire pour rassurer le client avant l'achat
- produit ideal pour enrichir une boutique skincare ou K-beauty

Conseil boutique: verifier les ingredients, les consignes d'utilisation et les obligations cosmetiques locales avant publication."
Truly Glutathione 10Second Bubble Mask Liquid,$18.53,18.53,USD,Truly Glutathione 10Second Bubble Mask Liquid. Imported from LEBELAGE. Hypoallergenic skincare product. Please review ingredients and usage details before publishing.,https://ecimg.cafe24img.com/pg1039b07271774075/ddcos3292/web/product/big/20251209/103bbd3974183d24549bb712b7f9b53c.png,https://en.lebelage.co.kr/product/truly-glutathione-10second-bubble-mask-liquid/405/category/1/display/3/?icid=MAIN.product_listmain_2,"hypoallergenic, LEBELAGE, k-beauty, imported",18.53,"Truly Glutathione 10Second Bubble Mask Liquid est un soin LEBELAGE selectionne pour les clients qui recherchent une solution skincare pratique et qualitative. Truly Glutathione 10Second Bubble Mask Liquid. Imported from LEBELAGE. Hypoallergenic skincare product. Please review ingredients and usage details before publishing.

Points forts:
- formule pensee pour une routine beaute simple et efficace
- presentation claire pour rassurer le client avant l'achat
- produit ideal pour enrichir une boutique skincare ou K-beauty

Conseil boutique: verifier les ingredients, les consignes d'utilisation et les obligations cosmetiques locales avant publication."
Truly Glutathione High Concentration Serum,$8.89,8.89,USD,Truly Glutathione High Concentration Serum. Imported from LEBELAGE. Hypoallergenic skincare product. Please review ingredients and usage details before publishing.,https://ecimg.cafe24img.com/pg1039b07271774075/ddcos3292/web/product/big/20260202/d39453a45235917b013ea0b4f2ecb937.png,https://en.lebelage.co.kr/product/truly-glutathione-high-concentration-serum/423/category/1/display/2/?icid=MAIN.product_listmain_1,"hypoallergenic, LEBELAGE, k-beauty, imported",8.89,"Truly Glutathione High Concentration Serum est un soin LEBELAGE selectionne pour les clients qui recherchent une solution skincare pratique et qualitative. Truly Glutathione High Concentration Serum. Imported from LEBELAGE. Hypoallergenic skincare product. Please review ingredients and usage details before publishing.

Points forts:
- formule pensee pour une routine beaute simple et efficace
- presentation claire pour rassurer le client avant l'achat
- produit ideal pour enrichir une boutique skincare ou K-beauty

Conseil boutique: verifier les ingredients, les consignes d'utilisation et les obligations cosmetiques locales avant publication."
Truly Glutathione Serum,$35.57,35.57,USD,Truly Glutathione Serum. Imported from LEBELAGE. Hypoallergenic skincare product. Please review ingredients and usage details before publishing.,https://ecimg.cafe24img.com/pg1039b07271774075/ddcos3292/web/product/big/20240624/896ee6e9f25465d3c5fb2cfc83eb541d.png,https://en.lebelage.co.kr/product/truly-glutathione-serum/48/category/1/display/3/?icid=MAIN.product_listmain_2,"hypoallergenic, LEBELAGE, k-beauty, imported",35.57,"Truly Glutathione Serum est un soin LEBELAGE selectionne pour les clients qui recherchent une solution skincare pratique et qualitative. Truly Glutathione Serum. Imported from LEBELAGE. Hypoallergenic skincare product. Please review ingredients and usage details before publishing.

Points forts:
- formule pensee pour une routine beaute simple et efficace
- presentation claire pour rassurer le client avant l'achat
- produit ideal pour enrichir une boutique skincare ou K-beauty

Conseil boutique: verifier les ingredients, les consignes d'utilisation et les obligations cosmetiques locales avant publication."
Truly Glutathione Toner Pad,$18.53,18.53,USD,Truly Glutathione Toner Pad. Imported from LEBELAGE. Hypoallergenic skincare product. Please review ingredients and usage details before publishing.,https://ecimg.cafe24img.com/pg1039b07271774075/ddcos3292/web/product/big/20260428/8d299af82ddf16bf865b4f9207afb13e.png,https://en.lebelage.co.kr/product/truly-glutathione-toner-pad/401/category/1/display/3/?icid=MAIN.product_listmain_2,"hypoallergenic, LEBELAGE, k-beauty, imported",18.53,"Truly Glutathione Toner Pad est un soin LEBELAGE selectionne pour les clients qui recherchent une solution skincare pratique et qualitative. Truly Glutathione Toner Pad. Imported from LEBELAGE. Hypoallergenic skincare product. Please review ingredients and usage details before publishing.

Points forts:
- formule pensee pour une routine beaute simple et efficace
- presentation claire pour rassurer le client avant l'achat
- produit ideal pour enrichir une boutique skincare ou K-beauty

Conseil boutique: verifier les ingredients, les consignes d'utilisation et les obligations cosmetiques locales avant publication."
Truly Oligopeptide High Concentration Serum,$8.89,8.89,USD,Truly Oligopeptide High Concentration Serum. Imported from LEBELAGE. Hypoallergenic skincare product. Please review ingredients and usage details before publishing.,https://ecimg.cafe24img.com/pg1039b07271774075/ddcos3292/web/product/big/20260202/1929951deb0f766950cb0d22a8dd9ef5.png,https://en.lebelage.co.kr/product/truly-oligopeptide-high-concentration-serum/426/category/1/display/2/?icid=MAIN.product_listmain_1,"hypoallergenic, LEBELAGE, k-beauty, imported",8.89,"Truly Oligopeptide High Concentration Serum est un soin LEBELAGE selectionne pour les clients qui recherchent une solution skincare pratique et qualitative. Truly Oligopeptide High Concentration Serum. Imported from LEBELAGE. Hypoallergenic skincare product. Please review ingredients and usage details before publishing.

Points forts:
- formule pensee pour une routine beaute simple et efficace
- presentation claire pour rassurer le client avant l'achat
- produit ideal pour enrichir une boutique skincare ou K-beauty

Conseil boutique: verifier les ingredients, les consignes d'utilisation et les obligations cosmetiques locales avant publication."
Truly Panthenol 10Second Bubble Mask Liquid,$18.53,18.53,USD,Truly Panthenol 10Second Bubble Mask Liquid. Imported from LEBELAGE. Hypoallergenic skincare product. Please review ingredients and usage details before publishing.,https://ecimg.cafe24img.com/pg1039b07271774075/ddcos3292/web/product/big/20251209/705e28fae9367a561f562681d1a4ee12.png,https://en.lebelage.co.kr/product/truly-panthenol-10second-bubble-mask-liquid/408/category/1/display/3/?icid=MAIN.product_listmain_2,"hypoallergenic, LEBELAGE, k-beauty, imported",18.53,"Truly Panthenol 10Second Bubble Mask Liquid est un soin LEBELAGE selectionne pour les clients qui recherchent une solution skincare pratique et qualitative. Truly Panthenol 10Second Bubble Mask Liquid. Imported from LEBELAGE. Hypoallergenic skincare product. Please review ingredients and usage details before publishing.

Points forts:
- formule pensee pour une routine beaute simple et efficace
- presentation claire pour rassurer le client avant l'achat
- produit ideal pour enrichir une boutique skincare ou K-beauty

Conseil boutique: verifier les ingredients, les consignes d'utilisation et les obligations cosmetiques locales avant publication."
Truly Panthenol High Concentration Serum,$8.89,8.89,USD,Truly Panthenol High Concentration Serum. Imported from LEBELAGE. Hypoallergenic skincare product. Please review ingredients and usage details before publishing.,https://ecimg.cafe24img.com/pg1039b07271774075/ddcos3292/web/product/big/20260202/521d303ad265dff30632478454c1d1b5.png,https://en.lebelage.co.kr/product/truly-panthenol-high-concentration-serum/427/category/1/display/2/?icid=MAIN.product_listmain_1,"hypoallergenic, LEBELAGE, k-beauty, imported",8.89,"Truly Panthenol High Concentration Serum est un soin LEBELAGE selectionne pour les clients qui recherchent une solution skincare pratique et qualitative. Truly Panthenol High Concentration Serum. Imported from LEBELAGE. Hypoallergenic skincare product. Please review ingredients and usage details before publishing.

Points forts:
- formule pensee pour une routine beaute simple et efficace
- presentation claire pour rassurer le client avant l'achat
- produit ideal pour enrichir une boutique skincare ou K-beauty

Conseil boutique: verifier les ingredients, les consignes d'utilisation et les obligations cosmetiques locales avant publication."
Truly Panthenol Serum,$35.57,35.57,USD,Truly Panthenol Serum. Imported from LEBELAGE. Hypoallergenic skincare product. Please review ingredients and usage details before publishing.,https://ecimg.cafe24img.com/pg1039b07271774075/ddcos3292/web/product/big/20240624/3c71aa52e9096442cc68bf23cbc56c25.png,https://en.lebelage.co.kr/product/truly-panthenol-serum/45/category/1/display/3/?icid=MAIN.product_listmain_2,"hypoallergenic, LEBELAGE, k-beauty, imported",35.57,"Truly Panthenol Serum est un soin LEBELAGE selectionne pour les clients qui recherchent une solution skincare pratique et qualitative. Truly Panthenol Serum. Imported from LEBELAGE. Hypoallergenic skincare product. Please review ingredients and usage details before publishing.

Points forts:
- formule pensee pour une routine beaute simple et efficace
- presentation claire pour rassurer le client avant l'achat
- produit ideal pour enrichir une boutique skincare ou K-beauty

Conseil boutique: verifier les ingredients, les consignes d'utilisation et les obligations cosmetiques locales avant publication."
Truly Panthenol Toner Pad,$18.53,18.53,USD,Truly Panthenol Toner Pad. Imported from LEBELAGE. Hypoallergenic skincare product. Please review ingredients and usage details before publishing.,https://ecimg.cafe24img.com/pg1039b07271774075/ddcos3292/web/product/big/20260428/57811108aec473118b29e9b0d9b2434f.png,https://en.lebelage.co.kr/product/truly-panthenol-toner-pad/404/category/1/display/3/?icid=MAIN.product_listmain_2,"hypoallergenic, LEBELAGE, k-beauty, imported",18.53,"Truly Panthenol Toner Pad est un soin LEBELAGE selectionne pour les clients qui recherchent une solution skincare pratique et qualitative. Truly Panthenol Toner Pad. Imported from LEBELAGE. Hypoallergenic skincare product. Please review ingredients and usage details before publishing.

Points forts:
- formule pensee pour une routine beaute simple et efficace
- presentation claire pour rassurer le client avant l'achat
- produit ideal pour enrichir une boutique skincare ou K-beauty

Conseil boutique: verifier les ingredients, les consignes d'utilisation et les obligations cosmetiques locales avant publication."
Truly PDRN High Concentration Serum,$8.89,8.89,USD,Truly PDRN High Concentration Serum. Imported from LEBELAGE. Hypoallergenic skincare product. Please review ingredients and usage details before publishing.,https://ecimg.cafe24img.com/pg1039b07271774075/ddcos3292/web/product/big/20260202/10739a8669d31c4c3ff6c069c6a1f527.png,https://en.lebelage.co.kr/product/truly-pdrn-high-concentration-serum/428/category/1/display/2/?icid=MAIN.product_listmain_1,"hypoallergenic, LEBELAGE, k-beauty, imported",8.89,"Truly PDRN High Concentration Serum est un soin LEBELAGE selectionne pour les clients qui recherchent une solution skincare pratique et qualitative. Truly PDRN High Concentration Serum. Imported from LEBELAGE. Hypoallergenic skincare product. Please review ingredients and usage details before publishing.

Points forts:
- formule pensee pour une routine beaute simple et efficace
- presentation claire pour rassurer le client avant l'achat
- produit ideal pour enrichir une boutique skincare ou K-beauty

Conseil boutique: verifier les ingredients, les consignes d'utilisation et les obligations cosmetiques locales avant publication."
Truly Retinol 10Second Bubble Mask Liquid,$18.53,18.53,USD,Truly Retinol 10Second Bubble Mask Liquid. Imported from LEBELAGE. Hypoallergenic skincare product. Please review ingredients and usage details before publishing.,https://ecimg.cafe24img.com/pg1039b07271774075/ddcos3292/web/product/big/20251209/3792f11cca00730f0820ef8571c75791.png,https://en.lebelage.co.kr/product/truly-retinol-10second-bubble-mask-liquid/406/category/1/display/3/?icid=MAIN.product_listmain_2,"hypoallergenic, LEBELAGE, k-beauty, imported",18.53,"Truly Retinol 10Second Bubble Mask Liquid est un soin LEBELAGE selectionne pour les clients qui recherchent une solution skincare pratique et qualitative. Truly Retinol 10Second Bubble Mask Liquid. Imported from LEBELAGE. Hypoallergenic skincare product. Please review ingredients and usage details before publishing.

Points forts:
- formule pensee pour une routine beaute simple et efficace
- presentation claire pour rassurer le client avant l'achat
- produit ideal pour enrichir une boutique skincare ou K-beauty

Conseil boutique: verifier les ingredients, les consignes d'utilisation et les obligations cosmetiques locales avant publication."
Truly Retinol Serum,$35.57,35.57,USD,Truly Retinol Serum. Imported from LEBELAGE. Hypoallergenic skincare product. Please review ingredients and usage details before publishing.,https://ecimg.cafe24img.com/pg1039b07271774075/ddcos3292/web/product/big/20240624/5761a8b5bc78c4ebf5b2fe63b5cfa28c.png,https://en.lebelage.co.kr/product/truly-retinol-serum/47/category/1/display/3/?icid=MAIN.product_listmain_2,"hypoallergenic, LEBELAGE, k-beauty, imported",35.57,"Truly Retinol Serum est un soin LEBELAGE selectionne pour les clients qui recherchent une solution skincare pratique et qualitative. Truly Retinol Serum. Imported from LEBELAGE. Hypoallergenic skincare product. Please review ingredients and usage details before publishing.

Points forts:
- formule pensee pour une routine beaute simple et efficace
- presentation claire pour rassurer le client avant l'achat
- produit ideal pour enrichir une boutique skincare ou K-beauty

Conseil boutique: verifier les ingredients, les consignes d'utilisation et les obligations cosmetiques locales avant publication."
Truly Retinol Toner Pad,$18.53,18.53,USD,Truly Retinol Toner Pad. Imported from LEBELAGE. Hypoallergenic skincare product. Please review ingredients and usage details before publishing.,https://ecimg.cafe24img.com/pg1039b07271774075/ddcos3292/web/product/big/20260428/f976c2c4176c1910751e15f121014eec.png,https://en.lebelage.co.kr/product/truly-retinol-toner-pad/402/category/1/display/3/?icid=MAIN.product_listmain_2,"hypoallergenic, LEBELAGE, k-beauty, imported",18.53,"Truly Retinol Toner Pad est un soin LEBELAGE selectionne pour les clients qui recherchent une solution skincare pratique et qualitative. Truly Retinol Toner Pad. Imported from LEBELAGE. Hypoallergenic skincare product. Please review ingredients and usage details before publishing.

Points forts:
- formule pensee pour une routine beaute simple et efficace
- presentation claire pour rassurer le client avant l'achat
- produit ideal pour enrichir une boutique skincare ou K-beauty

Conseil boutique: verifier les ingredients, les consignes d'utilisation et les obligations cosmetiques locales avant publication."
Truly Volufiline High Concentration Serum,$8.89,8.89,USD,Truly Volufiline High Concentration Serum. Imported from LEBELAGE. Hypoallergenic skincare product. Please review ingredients and usage details before publishing.,https://ecimg.cafe24img.com/pg1039b07271774075/ddcos3292/web/product/big/20260202/b626cb0e5d490e6697e8a0d51884b73a.png,https://en.lebelage.co.kr/product/truly-volufiline-high-concentration-serum/424/category/1/display/2/?icid=MAIN.product_listmain_1,"hypoallergenic, LEBELAGE, k-beauty, imported",8.89,"Truly Volufiline High Concentration Serum est un soin LEBELAGE selectionne pour les clients qui recherchent une solution skincare pratique et qualitative. Truly Volufiline High Concentration Serum. Imported from LEBELAGE. Hypoallergenic skincare product. Please review ingredients and usage details before publishing.

Points forts:
- formule pensee pour une routine beaute simple et efficace
- presentation claire pour rassurer le client avant l'achat
- produit ideal pour enrichir une boutique skincare ou K-beauty

Conseil boutique: verifier les ingredients, les consignes d'utilisation et les obligations cosmetiques locales avant publication."
UV Sun Oil Free Matte Sun Stick,$11.12,11.12,USD,UV Sun Oil Free Matte Sun Stick. Imported from LEBELAGE. Hypoallergenic skincare product. Please review ingredients and usage details before publishing.,https://ecimg.cafe24img.com/pg1039b07271774075/ddcos3292/web/product/big/20251209/76020786576a93f27ed1eb946cead4f7.png,https://en.lebelage.co.kr/product/uv-sun-oil-free-matte-sun-stick/398/category/1/display/3/?icid=MAIN.product_listmain_2,"hypoallergenic, LEBELAGE, k-beauty, imported",11.12,"UV Sun Oil Free Matte Sun Stick est un soin LEBELAGE selectionne pour les clients qui recherchent une solution skincare pratique et qualitative. UV Sun Oil Free Matte Sun Stick. Imported from LEBELAGE. Hypoallergenic skincare product. Please review ingredients and usage details before publishing.

Points forts:
- formule pensee pour une routine beaute simple et efficace
- presentation claire pour rassurer le client avant l'achat
- produit ideal pour enrichir une boutique skincare ou K-beauty

Conseil boutique: verifier les ingredients, les consignes d'utilisation et les obligations cosmetiques locales avant publication."
UV Sun Protect Sunstick,$11.12,11.12,USD,UV Sun Protect Sunstick. Imported from LEBELAGE. Hypoallergenic skincare product. Please review ingredients and usage details before publishing.,https://ecimg.cafe24img.com/pg1039b07271774075/ddcos3292/web/product/big/20251209/11120d31631543a9c9d5a2803fed0da2.png,https://en.lebelage.co.kr/product/uv-sun-protect-sunstick/377/category/1/display/3/?icid=MAIN.product_listmain_2,"hypoallergenic, LEBELAGE, k-beauty, imported",11.12,"UV Sun Protect Sunstick est un soin LEBELAGE selectionne pour les clients qui recherchent une solution skincare pratique et qualitative. UV Sun Protect Sunstick. Imported from LEBELAGE. Hypoallergenic skincare product. Please review ingredients and usage details before publishing.

Points forts:
- formule pensee pour une routine beaute simple et efficace
- presentation claire pour rassurer le client avant l'achat
- produit ideal pour enrichir une boutique skincare ou K-beauty

Conseil boutique: verifier les ingredients, les consignes d'utilisation et les obligations cosmetiques locales avant publication."
Vitamin C Pure Set of 4,$237.12,237.12,USD,Vitamin C Pure Set of 4. Imported from LEBELAGE. Hypoallergenic skincare product. Please review ingredients and usage details before publishing.,https://ecimg.cafe24img.com/pg1039b07271774075/ddcos3292/web/product/big/20251203/f3da9ed1768cd67cac7c3878664bee58.png,https://en.lebelage.co.kr/product/vitamin-c-pure-set-of-4/237/category/1/display/3/?icid=MAIN.product_listmain_2,"hypoallergenic, LEBELAGE, k-beauty, imported",237.12,"Vitamin C Pure Set of 4 est un soin LEBELAGE selectionne pour les clients qui recherchent une solution skincare pratique et qualitative. Vitamin C Pure Set of 4. Imported from LEBELAGE. Hypoallergenic skincare product. Please review ingredients and usage details before publishing.

Points forts:
- formule pensee pour une routine beaute simple et efficace
- presentation claire pour rassurer le client avant l'achat
- produit ideal pour enrichir une boutique skincare ou K-beauty

Conseil boutique: verifier les ingredients, les consignes d'utilisation et les obligations cosmetiques locales avant publication."
24K Gold Perfect Ampoule,$88.92,88.92,USD,24K Gold Perfect Ampoule. Imported from LEBELAGE. Hypoallergenic skincare product. Please review ingredients and usage details before publishing.,https://ecimg.cafe24img.com/pg1039b07271774075/ddcos3292/web/product/big/20251128/f56de9ef853768d1a0460e44d5e98fa6.png,https://en.lebelage.co.kr/product/24k-gold-perfect-ampoule/175/category/24/display/1/,"hypoallergenic, LEBELAGE, k-beauty, imported",88.92,"24K Gold Perfect Ampoule est un soin LEBELAGE selectionne pour les clients qui recherchent une solution skincare pratique et qualitative. 24K Gold Perfect Ampoule. Imported from LEBELAGE. Hypoallergenic skincare product. Please review ingredients and usage details before publishing.

Points forts:
- formule pensee pour une routine beaute simple et efficace
- presentation claire pour rassurer le client avant l'achat
- produit ideal pour enrichir une boutique skincare ou K-beauty

Conseil boutique: verifier les ingredients, les consignes d'utilisation et les obligations cosmetiques locales avant publication."
3 Roller Intensive Care Blemish Cream,$58.54,58.54,USD,3 Roller Intensive Care Blemish Cream. Imported from LEBELAGE. Hypoallergenic skincare product. Please review ingredients and usage details before publishing.,https://ecimg.cafe24img.com/pg1039b07271774075/ddcos3292/web/product/big/20251208/bc66aa3b0670a2d36223670339330ea6.png,https://en.lebelage.co.kr/product/3-roller-intensive-care-blemish-cream/124/category/24/display/1/,"hypoallergenic, LEBELAGE, k-beauty, imported",58.54,"3 Roller Intensive Care Blemish Cream est un soin LEBELAGE selectionne pour les clients qui recherchent une solution skincare pratique et qualitative. 3 Roller Intensive Care Blemish Cream. Imported from LEBELAGE. Hypoallergenic skincare product. Please review ingredients and usage details before publishing.

Points forts:
- formule pensee pour une routine beaute simple et efficace
- presentation claire pour rassurer le client avant l'achat
- produit ideal pour enrichir une boutique skincare ou K-beauty

Conseil boutique: verifier les ingredients, les consignes d'utilisation et les obligations cosmetiques locales avant publication."
3 Roller Intensive Care Dark Zero Cream,$58.54,58.54,USD,3 Roller Intensive Care Dark Zero Cream. Imported from LEBELAGE. Hypoallergenic skincare product. Please review ingredients and usage details before publishing.,https://ecimg.cafe24img.com/pg1039b07271774075/ddcos3292/web/product/big/20251208/ddf89cce4f6cdb3b4e3dd8044543c123.png,https://en.lebelage.co.kr/product/3-roller-intensive-care-dark-zero-cream/123/category/24/display/1/,"hypoallergenic, LEBELAGE, k-beauty, imported",58.54,"3 Roller Intensive Care Dark Zero Cream est un soin LEBELAGE selectionne pour les clients qui recherchent une solution skincare pratique et qualitative. 3 Roller Intensive Care Dark Zero Cream. Imported from LEBELAGE. Hypoallergenic skincare product. Please review ingredients and usage details before publishing.

Points forts:
- formule pensee pour une routine beaute simple et efficace
- presentation claire pour rassurer le client avant l'achat
- produit ideal pour enrichir une boutique skincare ou K-beauty

Conseil boutique: verifier les ingredients, les consignes d'utilisation et les obligations cosmetiques locales avant publication."
3-Roller Intensive Care Trouble Spot Cream,$58.54,58.54,USD,3-Roller Intensive Care Trouble Spot Cream. Imported from LEBELAGE. Hypoallergenic skincare product. Please review ingredients and usage details before publishing.,https://ecimg.cafe24img.com/pg1039b07271774075/ddcos3292/web/product/big/20251208/bf8d4c514237115d52e514a112064817.png,https://en.lebelage.co.kr/product/3-roller-intensive-care-trouble-spot-cream/25/category/24/display/1/,"hypoallergenic, LEBELAGE, k-beauty, imported",58.54,"3-Roller Intensive Care Trouble Spot Cream est un soin LEBELAGE selectionne pour les clients qui recherchent une solution skincare pratique et qualitative. 3-Roller Intensive Care Trouble Spot Cream. Imported from LEBELAGE. Hypoallergenic skincare product. Please review ingredients and usage details before publishing.

Points forts:
- formule pensee pour une routine beaute simple et efficace
- presentation claire pour rassurer le client avant l'achat
- produit ideal pour enrichir une boutique skincare ou K-beauty

Conseil boutique: verifier les ingredients, les consignes d'utilisation et les obligations cosmetiques locales avant publication."
